#	( no hippo ) Parisian	( three hippo ) French
#	( no hungry ) Parisian	( three hungry ) French
#	( no non-ape ) Parisian	( three non-ape ) French
#	( no ape ) Parisian	( three ape ) French
#	( no animal ) Parisian	( three animal ) French
#	( no dog ) Parisian	( three dog ) French
#	( no cat ) Parisian	( three cat ) French
#	( no unable ) Parisian	( three unable ) French
#	( no able ) Parisian	( three able ) French
#	( no Asian ) Parisian	( three Asian ) French
#	( no bird ) Parisian	( three bird ) French
#	( no crow ) Parisian	( three crow ) French
#	( no sofa ) Parisian	( three sofa ) French
#	( no couch ) Parisian	( three couch ) French
#	( no snail ) Parisian	( three snail ) French
#	( no vertebrate ) Parisian	( three vertebrate ) French
#	( no invertebrate ) Parisian	( three invertebrate ) French
#	( no bark ) Parisian	( three bark ) French
#	( no puppy ) Parisian	( three puppy ) French
#	( no feline ) Parisian	( three feline ) French
#	( no mobile ) Parisian	( three mobile ) French
#	( no immobile ) Parisian	( three immobile ) French
#	( no dead ) Parisian	( three dead ) French
#	( no live ) Parisian	( three live ) French
#	( no human ) Parisian	( three human ) French
#	( no animate ) Parisian	( three animate ) French
#	( no inanimate ) Parisian	( three inanimate ) French
#	( no seat ) Parisian	( three seat ) French
#	( no bench ) Parisian	( three bench ) French
#	( no woody ) Parisian	( three woody ) French
#	( no plant ) Parisian	( three plant ) French
#	( no tree ) Parisian	( three tree ) French
#	( no oak ) Parisian	( three oak ) French
#	( no bush ) Parisian	( three bush ) French
#	( no destructible ) Parisian	( three destructible ) French
#	( no indestructible ) Parisian	( three indestructible ) French
#	( no mammal ) Parisian	( three mammal ) French